start,start/step,0,timestamp,1617281323.9217231
start,start/step,0,timestamp,1617282341.4393287
start,start/step,0,timestamp,1617282375.4187691
start,start/step,0,timestamp,1617282423.802226
start,start/step,0,timestamp,1617282433.147069
start,start/step,0,timestamp,1617344579.5109038
start,start/step,0,timestamp,1617363595.1926126
val,loss,"tensor(3283.7048, device='cuda:0')",epoch,0,timestamp,1617363596.7982433
val,loss,"tensor(26269.7051, device='cuda:0')",epoch,0,timestamp,1617363596.8012342
val,loss,"tensor(6.5997e+08, device='cuda:0')",epoch,0,timestamp,1617363596.803229
val,loss,"tensor(4.9553e+08, device='cuda:0')",epoch,0,timestamp,1617363596.8062212
val,loss,"tensor(3.9750e+08, device='cuda:0')",epoch,0,timestamp,1617363596.8092134
val,loss,"tensor(3.3312e+08, device='cuda:0')",epoch,0,timestamp,1617363596.8122053
val,loss,"tensor(2.8854e+08, device='cuda:0')",epoch,0,timestamp,1617363596.8151975
val,loss,"tensor(2.5701e+08, device='cuda:0')",epoch,0,timestamp,1617363596.8181891
val,loss,"tensor(2.3495e+08, device='cuda:0')",epoch,0,timestamp,1617363596.8201838
val,loss,"tensor(2.2042e+08, device='cuda:0')",epoch,0,timestamp,1617363596.8231754
val,loss,"tensor(2.1238e+08, device='cuda:0')",epoch,0,timestamp,1617363596.8251705
val,loss,"tensor(2.1034e+08, device='cuda:0')",epoch,0,timestamp,1617363596.828163
val,loss,"tensor(2.1415e+08, device='cuda:0')",epoch,0,timestamp,1617363596.8301573
val,loss,"tensor(2.2390e+08, device='cuda:0')",epoch,0,timestamp,1617363596.833149
val,loss,"tensor(2.3987e+08, device='cuda:0')",epoch,0,timestamp,1617363596.8351436
val,loss,"tensor(2.6245e+08, device='cuda:0')",epoch,0,timestamp,1617363596.8381352
val,loss,"tensor(10136.7471, device='cuda:0')",epoch,1,timestamp,1617363596.8481681
val,loss,"tensor(16400.0430, device='cuda:0')",epoch,1,timestamp,1617363596.85116
val,loss,"tensor(126547.6719, device='cuda:0')",epoch,1,timestamp,1617363596.8541522
val,loss,"tensor(471706.9062, device='cuda:0')",epoch,1,timestamp,1617363596.8571444
val,loss,"tensor(1228957.7500, device='cuda:0')",epoch,1,timestamp,1617363596.8591394
val,loss,"tensor(2622878., device='cuda:0')",epoch,1,timestamp,1617363596.8621306
val,loss,"tensor(4931534., device='cuda:0')",epoch,1,timestamp,1617363596.8641255
val,loss,"tensor(8467147., device='cuda:0')",epoch,1,timestamp,1617363596.8671174
val,loss,"tensor(13602637., device='cuda:0')",epoch,1,timestamp,1617363596.8691123
val,loss,"tensor(20729236., device='cuda:0')",epoch,1,timestamp,1617363596.871107
val,loss,"tensor(30319660., device='cuda:0')",epoch,1,timestamp,1617363596.8740988
val,loss,"tensor(42876076., device='cuda:0')",epoch,1,timestamp,1617363596.8760934
val,loss,"tensor(58950860., device='cuda:0')",epoch,1,timestamp,1617363596.8790853
val,loss,"tensor(79112448., device='cuda:0')",epoch,1,timestamp,1617363596.88108
val,loss,"tensor(1.0402e+08, device='cuda:0')",epoch,1,timestamp,1617363596.8840716
val,loss,"tensor(1.3432e+08, device='cuda:0')",epoch,1,timestamp,1617363596.8860667
val,loss,"tensor(122695.3281, device='cuda:0')",epoch,2,timestamp,1617363596.8960404
val,loss,"tensor(68365.5234, device='cuda:0')",epoch,2,timestamp,1617363596.8980346
val,loss,"tensor(84700.6562, device='cuda:0')",epoch,2,timestamp,1617363596.9010282
val,loss,"tensor(303293.2500, device='cuda:0')",epoch,2,timestamp,1617363596.904019
val,loss,"tensor(901499.4375, device='cuda:0')",epoch,2,timestamp,1617363596.9060135
val,loss,"tensor(2104056.7500, device='cuda:0')",epoch,2,timestamp,1617363596.908008
val,loss,"tensor(4188773.2500, device='cuda:0')",epoch,2,timestamp,1617363596.9119978
val,loss,"tensor(7468489., device='cuda:0')",epoch,2,timestamp,1617363596.913992
val,loss,"tensor(12315981., device='cuda:0')",epoch,2,timestamp,1617363596.9169836
val,loss,"tensor(19123276., device='cuda:0')",epoch,2,timestamp,1617363596.9189785
val,loss,"tensor(28362770., device='cuda:0')",epoch,2,timestamp,1617363596.9219706
val,loss,"tensor(40536844., device='cuda:0')",epoch,2,timestamp,1617363596.9239655
val,loss,"tensor(56198012., device='cuda:0')",epoch,2,timestamp,1617363596.9269578
val,loss,"tensor(75915248., device='cuda:0')",epoch,2,timestamp,1617363596.9289522
val,loss,"tensor(1.0034e+08, device='cuda:0')",epoch,2,timestamp,1617363596.931944
val,loss,"tensor(1.3015e+08, device='cuda:0')",epoch,2,timestamp,1617363596.9339387
val,loss,"tensor(351824.7812, device='cuda:0')",epoch,3,timestamp,1617363596.9439125
val,loss,"tensor(238578.4375, device='cuda:0')",epoch,3,timestamp,1617363596.9459066
val,loss,"tensor(163821.1406, device='cuda:0')",epoch,3,timestamp,1617363596.948911
val,loss,"tensor(259599.2188, device='cuda:0')",epoch,3,timestamp,1617363596.951891
val,loss,"tensor(703536.9375, device='cuda:0')",epoch,3,timestamp,1617363596.9548829
val,loss,"tensor(1720526.7500, device='cuda:0')",epoch,3,timestamp,1617363596.9568775
val,loss,"tensor(3588126.5000, device='cuda:0')",epoch,3,timestamp,1617363596.9598699
val,loss,"tensor(6619776.5000, device='cuda:0')",epoch,3,timestamp,1617363596.9628613
val,loss,"tensor(11188112., device='cuda:0')",epoch,3,timestamp,1617363596.9648561
val,loss,"tensor(17685934., device='cuda:0')",epoch,3,timestamp,1617363596.9668508
val,loss,"tensor(26585328., device='cuda:0')",epoch,3,timestamp,1617363596.9698427
val,loss,"tensor(38388872., device='cuda:0')",epoch,3,timestamp,1617363596.9718375
val,loss,"tensor(53649232., device='cuda:0')",epoch,3,timestamp,1617363596.9748302
val,loss,"tensor(72935888., device='cuda:0')",epoch,3,timestamp,1617363596.9778209
val,loss,"tensor(96904544., device='cuda:0')",epoch,3,timestamp,1617363596.9798162
val,loss,"tensor(1.2622e+08, device='cuda:0')",epoch,3,timestamp,1617363596.9828084
val,loss,"tensor(667918.8125, device='cuda:0')",epoch,4,timestamp,1617363596.9927826
val,loss,"tensor(32299622., device='cuda:0')",epoch,4,timestamp,1617363596.9957736
val,loss,"tensor(21544104., device='cuda:0')",epoch,4,timestamp,1617363596.9977682
val,loss,"tensor(16217490., device='cuda:0')",epoch,4,timestamp,1617363596.9997628
val,loss,"tensor(13322499., device='cuda:0')",epoch,4,timestamp,1617363597.0027552
val,loss,"tensor(12025788., device='cuda:0')",epoch,4,timestamp,1617363597.0047495
val,loss,"tensor(12151053., device='cuda:0')",epoch,4,timestamp,1617363597.0077415
val,loss,"tensor(13785570., device='cuda:0')",epoch,4,timestamp,1617363597.0097368
val,loss,"tensor(17175828., device='cuda:0')",epoch,4,timestamp,1617363597.012728
val,loss,"tensor(22639842., device='cuda:0')",epoch,4,timestamp,1617363597.0147223
val,loss,"tensor(30601264., device='cuda:0')",epoch,4,timestamp,1617363597.0177143
val,loss,"tensor(41530812., device='cuda:0')",epoch,4,timestamp,1617363597.0197089
val,loss,"tensor(55959096., device='cuda:0')",epoch,4,timestamp,1617363597.0217042
val,loss,"tensor(74440288., device='cuda:0')",epoch,4,timestamp,1617363597.0246964
val,loss,"tensor(97618360., device='cuda:0')",epoch,4,timestamp,1617363597.0276883
val,loss,"tensor(1.2615e+08, device='cuda:0')",epoch,4,timestamp,1617363597.0296826
val,loss,"tensor(1162018., device='cuda:0')",epoch,5,timestamp,1617363597.0396566
val,loss,"tensor(930520.3750, device='cuda:0')",epoch,5,timestamp,1617363597.0426488
val,loss,"tensor(673342.3125, device='cuda:0')",epoch,5,timestamp,1617363597.0456402
val,loss,"tensor(523425.6250, device='cuda:0')",epoch,5,timestamp,1617363597.048632
val,loss,"tensor(658927.5625, device='cuda:0')",epoch,5,timestamp,1617363597.0506268
val,loss,"tensor(1305048.5000, device='cuda:0')",epoch,5,timestamp,1617363597.0536187
val,loss,"tensor(2738847.5000, device='cuda:0')",epoch,5,timestamp,1617363597.055613
val,loss,"tensor(5274961.5000, device='cuda:0')",epoch,5,timestamp,1617363597.0586052
val,loss,"tensor(9285748., device='cuda:0')",epoch,5,timestamp,1617363597.0606
val,loss,"tensor(15165543., device='cuda:0')",epoch,5,timestamp,1617363597.0635924
val,loss,"tensor(23385818., device='cuda:0')",epoch,5,timestamp,1617363597.066584
val,loss,"tensor(34449552., device='cuda:0')",epoch,5,timestamp,1617363597.0685787
val,loss,"tensor(48909696., device='cuda:0')",epoch,5,timestamp,1617363597.0715706
val,loss,"tensor(67336760., device='cuda:0')",epoch,5,timestamp,1617363597.0735655
val,loss,"tensor(90386256., device='cuda:0')",epoch,5,timestamp,1617363597.0765574
val,loss,"tensor(1.1872e+08, device='cuda:0')",epoch,5,timestamp,1617363597.0785518
val,loss,"tensor(1685061.6250, device='cuda:0')",epoch,6,timestamp,1617363597.0885255
val,loss,"tensor(1399573.5000, device='cuda:0')",epoch,6,timestamp,1617363597.0915174
val,loss,"tensor(1059272.2500, device='cuda:0')",epoch,6,timestamp,1617363597.094509
val,loss,"tensor(797507.8750, device='cuda:0')",epoch,6,timestamp,1617363597.0975015
val,loss,"tensor(792679.7500, device='cuda:0')",epoch,6,timestamp,1617363597.0994954
val,loss,"tensor(1270128.2500, device='cuda:0')",epoch,6,timestamp,1617363597.102488
val,loss,"tensor(2506685.7500, device='cuda:0')",epoch,6,timestamp,1617363597.104483
val,loss,"tensor(4817533., device='cuda:0')",epoch,6,timestamp,1617363597.106477
val,loss,"tensor(8574900., device='cuda:0')",epoch,6,timestamp,1617363597.1096945
val,loss,"tensor(14173823., device='cuda:0')",epoch,6,timestamp,1617363597.1124613
val,loss,"tensor(22085492., device='cuda:0')",epoch,6,timestamp,1617363597.1144562
val,loss,"tensor(32813068., device='cuda:0')",epoch,6,timestamp,1617363597.1174479
val,loss,"tensor(46909628., device='cuda:0')",epoch,6,timestamp,1617363597.1194427
val,loss,"tensor(64946152., device='cuda:0')",epoch,6,timestamp,1617363597.1214375
val,loss,"tensor(87578072., device='cuda:0')",epoch,6,timestamp,1617363597.1244287
val,loss,"tensor(1.1547e+08, device='cuda:0')",epoch,6,timestamp,1617363597.1274214
val,loss,"tensor(2284023.2500, device='cuda:0')",epoch,7,timestamp,1617363597.1363976
val,loss,"tensor(1946062., device='cuda:0')",epoch,7,timestamp,1617363597.1393895
val,loss,"tensor(1525073.8750, device='cuda:0')",epoch,7,timestamp,1617363597.1413841
val,loss,"tensor(1154803.8750, device='cuda:0')",epoch,7,timestamp,1617363597.1443763
val,loss,"tensor(1013886.1875, device='cuda:0')",epoch,7,timestamp,1617363597.1473675
val,loss,"tensor(1327796.6250, device='cuda:0')",epoch,7,timestamp,1617363597.1493628
val,loss,"tensor(2373148.5000, device='cuda:0')",epoch,7,timestamp,1617363597.1523547
val,loss,"tensor(4465648., device='cuda:0')",epoch,7,timestamp,1617363597.1543493
val,loss,"tensor(7977402.5000, device='cuda:0')",epoch,7,timestamp,1617363597.1573415
val,loss,"tensor(13304125., device='cuda:0')",epoch,7,timestamp,1617363597.159336
val,loss,"tensor(20916734., device='cuda:0')",epoch,7,timestamp,1617363597.1623282
val,loss,"tensor(31318566., device='cuda:0')",epoch,7,timestamp,1617363597.1643221
val,loss,"tensor(45062828., device='cuda:0')",epoch,7,timestamp,1617363597.1663172
val,loss,"tensor(62720944., device='cuda:0')",epoch,7,timestamp,1617363597.1693094
val,loss,"tensor(84948280., device='cuda:0')",epoch,7,timestamp,1617363597.171304
val,loss,"tensor(1.1241e+08, device='cuda:0')",epoch,7,timestamp,1617363597.1742961
val,loss,"tensor(2939310.5000, device='cuda:0')",epoch,8,timestamp,1617363597.1832721
val,loss,"tensor(31509522., device='cuda:0')",epoch,8,timestamp,1617363597.186264
val,loss,"tensor(21377436., device='cuda:0')",epoch,8,timestamp,1617363597.1892555
val,loss,"tensor(16077889., device='cuda:0')",epoch,8,timestamp,1617363597.1912508
val,loss,"tensor(12902649., device='cuda:0')",epoch,8,timestamp,1617363597.194242
val,loss,"tensor(11114964., device='cuda:0')",epoch,8,timestamp,1617363597.1972349
val,loss,"tensor(10578763., device='cuda:0')",epoch,8,timestamp,1617363597.2002258
val,loss,"tensor(11404097., device='cuda:0')",epoch,8,timestamp,1617363597.2022214
val,loss,"tensor(13848375., device='cuda:0')",epoch,8,timestamp,1617363597.2042162
val,loss,"tensor(18239300., device='cuda:0')",epoch,8,timestamp,1617363597.207208
val,loss,"tensor(25003748., device='cuda:0')",epoch,8,timestamp,1617363597.2092028
val,loss,"tensor(34616088., device='cuda:0')",epoch,8,timestamp,1617363597.2111971
val,loss,"tensor(47609468., device='cuda:0')",epoch,8,timestamp,1617363597.2141898
val,loss,"tensor(64541388., device='cuda:0')",epoch,8,timestamp,1617363597.2171807
val,loss,"tensor(86056536., device='cuda:0')",epoch,8,timestamp,1617363597.2191753
val,loss,"tensor(1.1281e+08, device='cuda:0')",epoch,8,timestamp,1617363597.2211707
val,loss,"tensor(3758012., device='cuda:0')",epoch,9,timestamp,1617363597.2261574
val,loss,"tensor(28004346., device='cuda:0')",epoch,9,timestamp,1617363597.229149
val,loss,"tensor(19212300., device='cuda:0')",epoch,9,timestamp,1617363597.2321413
val,loss,"tensor(14511520., device='cuda:0')",epoch,9,timestamp,1617363597.2341363
val,loss,"tensor(11621383., device='cuda:0')",epoch,9,timestamp,1617363597.237128
val,loss,"tensor(9947734., device='cuda:0')",epoch,9,timestamp,1617363597.2391226
val,loss,"tensor(9415324., device='cuda:0')",epoch,9,timestamp,1617363597.2411175
val,loss,"tensor(10165281., device='cuda:0')",epoch,9,timestamp,1617363597.245107
val,loss,"tensor(12471843., device='cuda:0')",epoch,9,timestamp,1617363597.2471015
val,loss,"tensor(16673592., device='cuda:0')",epoch,9,timestamp,1617363597.2500935
val,loss,"tensor(23203602., device='cuda:0')",epoch,9,timestamp,1617363597.252088
val,loss,"tensor(32540736., device='cuda:0')",epoch,9,timestamp,1617363597.254083
val,loss,"tensor(45221268., device='cuda:0')",epoch,9,timestamp,1617363597.2570739
val,loss,"tensor(61805296., device='cuda:0')",epoch,9,timestamp,1617363597.260067
val,loss,"tensor(82938992., device='cuda:0')",epoch,9,timestamp,1617363597.2630587
val,loss,"tensor(1.0928e+08, device='cuda:0')",epoch,9,timestamp,1617363597.2650535
start,start/step,0,timestamp,1617363719.6399112
val,loss,"tensor(3064.7942, device='cuda:0')",epoch,0,timestamp,1617363721.162746
val,loss,"tensor(7218.8838, device='cuda:0')",epoch,0,timestamp,1617363721.1657395
val,loss,"tensor(6.1005e+08, device='cuda:0')",epoch,0,timestamp,1617363721.168731
val,loss,"tensor(4.5808e+08, device='cuda:0')",epoch,0,timestamp,1617363721.1707263
val,loss,"tensor(3.6754e+08, device='cuda:0')",epoch,0,timestamp,1617363721.1737175
val,loss,"tensor(3.0816e+08, device='cuda:0')",epoch,0,timestamp,1617363721.1757123
val,loss,"tensor(2.6714e+08, device='cuda:0')",epoch,0,timestamp,1617363721.178704
val,loss,"tensor(2.3827e+08, device='cuda:0')",epoch,0,timestamp,1617363721.1818848
val,loss,"tensor(2.1829e+08, device='cuda:0')",epoch,0,timestamp,1617363721.1838813
val,loss,"tensor(2.0543e+08, device='cuda:0')",epoch,0,timestamp,1617363721.1858752
val,loss,"tensor(1.9875e+08, device='cuda:0')",epoch,0,timestamp,1617363721.1888676
val,loss,"tensor(1.9783e+08, device='cuda:0')",epoch,0,timestamp,1617363721.1908627
val,loss,"tensor(2.0258e+08, device='cuda:0')",epoch,0,timestamp,1617363721.1928577
val,loss,"tensor(2.1315e+08, device='cuda:0')",epoch,0,timestamp,1617363721.1958492
val,loss,"tensor(2.2980e+08, device='cuda:0')",epoch,0,timestamp,1617363721.197844
val,loss,"tensor(2.5299e+08, device='cuda:0')",epoch,0,timestamp,1617363721.2008355
val,loss,"tensor(10819.0400, device='cuda:0')",epoch,1,timestamp,1617363721.207332
val,loss,"tensor(16184.9102, device='cuda:0')",epoch,1,timestamp,1617363721.2103243
val,loss,"tensor(124733.7188, device='cuda:0')",epoch,1,timestamp,1617363721.2123184
val,loss,"tensor(466604.7188, device='cuda:0')",epoch,1,timestamp,1617363721.2153106
val,loss,"tensor(1222915.7500, device='cuda:0')",epoch,1,timestamp,1617363721.2183027
val,loss,"tensor(2618097.5000, device='cuda:0')",epoch,1,timestamp,1617363721.220297
val,loss,"tensor(4922214.5000, device='cuda:0')",epoch,1,timestamp,1617363721.223289
val,loss,"tensor(8458510., device='cuda:0')",epoch,1,timestamp,1617363721.225284
val,loss,"tensor(13584084., device='cuda:0')",epoch,1,timestamp,1617363721.228277
val,loss,"tensor(20718166., device='cuda:0')",epoch,1,timestamp,1617363721.231269
val,loss,"tensor(30308920., device='cuda:0')",epoch,1,timestamp,1617363721.23426
val,loss,"tensor(42846280., device='cuda:0')",epoch,1,timestamp,1617363721.2362547
val,loss,"tensor(58903180., device='cuda:0')",epoch,1,timestamp,1617363721.2382493
val,loss,"tensor(79060328., device='cuda:0')",epoch,1,timestamp,1617363721.2412405
val,loss,"tensor(1.0393e+08, device='cuda:0')",epoch,1,timestamp,1617363721.244234
val,loss,"tensor(1.3423e+08, device='cuda:0')",epoch,1,timestamp,1617363721.2472255
val,loss,"tensor(124983.6797, device='cuda:0')",epoch,2,timestamp,1617363721.251214
val,loss,"tensor(69903.3906, device='cuda:0')",epoch,2,timestamp,1617363721.2532094
val,loss,"tensor(84817.2734, device='cuda:0')",epoch,2,timestamp,1617363721.2552042
val,loss,"tensor(300454.5625, device='cuda:0')",epoch,2,timestamp,1617363721.2581956
val,loss,"tensor(897629., device='cuda:0')",epoch,2,timestamp,1617363721.2611873
val,loss,"tensor(2101186., device='cuda:0')",epoch,2,timestamp,1617363721.2631826
val,loss,"tensor(4181546.5000, device='cuda:0')",epoch,2,timestamp,1617363721.2651775
val,loss,"tensor(7461875.5000, device='cuda:0')",epoch,2,timestamp,1617363721.2681692
val,loss,"tensor(12299788., device='cuda:0')",epoch,2,timestamp,1617363721.270164
val,loss,"tensor(19114406., device='cuda:0')",epoch,2,timestamp,1617363721.2721586
val,loss,"tensor(28354300., device='cuda:0')",epoch,2,timestamp,1617363721.2751505
val,loss,"tensor(40509772., device='cuda:0')",epoch,2,timestamp,1617363721.2781417
val,loss,"tensor(56153456., device='cuda:0')",epoch,2,timestamp,1617363721.2801373
val,loss,"tensor(75866456., device='cuda:0')",epoch,2,timestamp,1617363721.282132
val,loss,"tensor(1.0026e+08, device='cuda:0')",epoch,2,timestamp,1617363721.2841268
val,loss,"tensor(1.3005e+08, device='cuda:0')",epoch,2,timestamp,1617363721.2871187
val,loss,"tensor(355557.0625, device='cuda:0')",epoch,3,timestamp,1617363721.2911084
val,loss,"tensor(241696.3438, device='cuda:0')",epoch,3,timestamp,1617363721.2941005
val,loss,"tensor(165687.9062, device='cuda:0')",epoch,3,timestamp,1617363721.2960944
val,loss,"tensor(258832.3750, device='cuda:0')",epoch,3,timestamp,1617363721.2990863
val,loss,"tensor(701649.2500, device='cuda:0')",epoch,3,timestamp,1617363721.3010812
val,loss,"tensor(1719385.3750, device='cuda:0')",epoch,3,timestamp,1617363721.3040729
val,loss,"tensor(3582805.7500, device='cuda:0')",epoch,3,timestamp,1617363721.3060977
val,loss,"tensor(6615000., device='cuda:0')",epoch,3,timestamp,1617363721.3090863
val,loss,"tensor(11174085., device='cuda:0')",epoch,3,timestamp,1617363721.3120778
val,loss,"tensor(17679072., device='cuda:0')",epoch,3,timestamp,1617363721.3140726
val,loss,"tensor(26578930., device='cuda:0')",epoch,3,timestamp,1617363721.3160672
val,loss,"tensor(38364320., device='cuda:0')",epoch,3,timestamp,1617363721.319059
val,loss,"tensor(53607584., device='cuda:0')",epoch,3,timestamp,1617363721.3210542
val,loss,"tensor(72890208., device='cuda:0')",epoch,3,timestamp,1617363721.324046
val,loss,"tensor(96826712., device='cuda:0')",epoch,3,timestamp,1617363721.3260407
val,loss,"tensor(1.2613e+08, device='cuda:0')",epoch,3,timestamp,1617363721.3290327
val,loss,"tensor(691422.4375, device='cuda:0')",epoch,4,timestamp,1617363721.3330219
val,loss,"tensor(520409.3750, device='cuda:0')",epoch,4,timestamp,1617363721.3360143
val,loss,"tensor(356120.5625, device='cuda:0')",epoch,4,timestamp,1617363721.3380089
val,loss,"tensor(330410.0312, device='cuda:0')",epoch,4,timestamp,1617363721.3410006
val,loss,"tensor(623512.1250, device='cuda:0')",epoch,4,timestamp,1617363721.3429956
val,loss,"tensor(1461062.7500, device='cuda:0')",epoch,4,timestamp,1617363721.3459873
val,loss,"tensor(3114160.7500, device='cuda:0')",epoch,4,timestamp,1617363721.3479822
val,loss,"tensor(5905822., device='cuda:0')",epoch,4,timestamp,1617363721.3499765
val,loss,"tensor(10194649., device='cuda:0')",epoch,4,timestamp,1617363721.3524215
val,loss,"tensor(16399546., device='cuda:0')",epoch,4,timestamp,1617363721.3544478
val,loss,"tensor(24969868., device='cuda:0')",epoch,4,timestamp,1617363721.3574097
val,loss,"tensor(36396632., device='cuda:0')",epoch,4,timestamp,1617363721.3604026
val,loss,"tensor(51251876., device='cuda:0')",epoch,4,timestamp,1617363721.3633943
val,loss,"tensor(70117472., device='cuda:0')",epoch,4,timestamp,1617363721.3653884
val,loss,"tensor(93608352., device='cuda:0')",epoch,4,timestamp,1617363721.3673835
val,loss,"tensor(1.2243e+08, device='cuda:0')",epoch,4,timestamp,1617363721.3703756
val,loss,"tensor(1094804.5000, device='cuda:0')",epoch,5,timestamp,1617363721.374366
val,loss,"tensor(1.1473e+08, device='cuda:0')",epoch,5,timestamp,1617363721.3773582
val,loss,"tensor(76546760., device='cuda:0')",epoch,5,timestamp,1617363721.3803492
val,loss,"tensor(57425452., device='cuda:0')",epoch,5,timestamp,1617363721.383341
val,loss,"tensor(46171452., device='cuda:0')",epoch,5,timestamp,1617363721.385336
val,loss,"tensor(39218948., device='cuda:0')",epoch,5,timestamp,1617363721.3873298
val,loss,"tensor(35214332., device='cuda:0')",epoch,5,timestamp,1617363721.389325
val,loss,"tensor(33667980., device='cuda:0')",epoch,5,timestamp,1617363721.3923163
val,loss,"tensor(34487644., device='cuda:0')",epoch,5,timestamp,1617363721.3953083
val,loss,"tensor(37821252., device='cuda:0')",epoch,5,timestamp,1617363721.3983011
val,loss,"tensor(43946248., device='cuda:0')",epoch,5,timestamp,1617363721.4002957
val,loss,"tensor(53239128., device='cuda:0')",epoch,5,timestamp,1617363721.4022899
val,loss,"tensor(66192068., device='cuda:0')",epoch,5,timestamp,1617363721.4042852
val,loss,"tensor(83330528., device='cuda:0')",epoch,5,timestamp,1617363721.407277
val,loss,"tensor(1.0523e+08, device='cuda:0')",epoch,5,timestamp,1617363721.4092712
val,loss,"tensor(1.3256e+08, device='cuda:0')",epoch,5,timestamp,1617363721.4122636
val,loss,"tensor(1742162., device='cuda:0')",epoch,6,timestamp,1617363721.4162543
val,loss,"tensor(1451808.5000, device='cuda:0')",epoch,6,timestamp,1617363721.418247
val,loss,"tensor(1103567.2500, device='cuda:0')",epoch,6,timestamp,1617363721.4212399
val,loss,"tensor(830440.6250, device='cuda:0')",epoch,6,timestamp,1617363721.4232342
val,loss,"tensor(812071.3750, device='cuda:0')",epoch,6,timestamp,1617363721.426227
val,loss,"tensor(1274902.5000, device='cuda:0')",epoch,6,timestamp,1617363721.4292178
val,loss,"tensor(2490726.5000, device='cuda:0')",epoch,6,timestamp,1617363721.4322104
val,loss,"tensor(4782405., device='cuda:0')",epoch,6,timestamp,1617363721.4342046
val,loss,"tensor(8509549., device='cuda:0')",epoch,6,timestamp,1617363721.437197
val,loss,"tensor(14090840., device='cuda:0')",epoch,6,timestamp,1617363721.4401891
val,loss,"tensor(21976442., device='cuda:0')",epoch,6,timestamp,1617363721.4421837
val,loss,"tensor(32658086., device='cuda:0')",epoch,6,timestamp,1617363721.445176
val,loss,"tensor(46707220., device='cuda:0')",epoch,6,timestamp,1617363721.4471698
val,loss,"tensor(64706488., device='cuda:0')",epoch,6,timestamp,1617363721.4501624
val,loss,"tensor(87271696., device='cuda:0')",epoch,6,timestamp,1617363721.452157
val,loss,"tensor(1.1511e+08, device='cuda:0')",epoch,6,timestamp,1617363721.4551492
val,loss,"tensor(2348245.2500, device='cuda:0')",epoch,7,timestamp,1617363721.459139
val,loss,"tensor(2005676., device='cuda:0')",epoch,7,timestamp,1617363721.4621305
val,loss,"tensor(1577110.7500, device='cuda:0')",epoch,7,timestamp,1617363721.4641242
val,loss,"tensor(1196051.7500, device='cuda:0')",epoch,7,timestamp,1617363721.467117
val,loss,"tensor(1041884.1250, device='cuda:0')",epoch,7,timestamp,1617363721.469112
val,loss,"tensor(1341402., device='cuda:0')",epoch,7,timestamp,1617363721.471106
val,loss,"tensor(2366699.5000, device='cuda:0')",epoch,7,timestamp,1617363721.4740984
val,loss,"tensor(4440571.5000, device='cuda:0')",epoch,7,timestamp,1617363721.4770908
val,loss,"tensor(7923067.5000, device='cuda:0')",epoch,7,timestamp,1617363721.4790843
val,loss,"tensor(13232775., device='cuda:0')",epoch,7,timestamp,1617363721.4820771
val,loss,"tensor(20820202., device='cuda:0')",epoch,7,timestamp,1617363721.4840713
val,loss,"tensor(31177398., device='cuda:0')",epoch,7,timestamp,1617363721.487064
val,loss,"tensor(44875552., device='cuda:0')",epoch,7,timestamp,1617363721.4890583
val,loss,"tensor(62497640., device='cuda:0')",epoch,7,timestamp,1617363721.4910524
val,loss,"tensor(84659856., device='cuda:0')",epoch,7,timestamp,1617363721.4940453
val,loss,"tensor(1.1207e+08, device='cuda:0')",epoch,7,timestamp,1617363721.4960392
val,loss,"tensor(3021316.5000, device='cuda:0')",epoch,8,timestamp,1617363721.500029
val,loss,"tensor(2628005.5000, device='cuda:0')",epoch,8,timestamp,1617363721.503021
val,loss,"tensor(2121477., device='cuda:0')",epoch,8,timestamp,1617363721.5050151
val,loss,"tensor(1635717., device='cuda:0')",epoch,8,timestamp,1617363721.5070102
val,loss,"tensor(1349861.3750, device='cuda:0')",epoch,8,timestamp,1617363721.5100026
val,loss,"tensor(1491044.5000, device='cuda:0')",epoch,8,timestamp,1617363721.5129943
val,loss,"tensor(2331652., device='cuda:0')",epoch,8,timestamp,1617363721.5149891
val,loss,"tensor(4194415., device='cuda:0')",epoch,8,timestamp,1617363721.5179808
val,loss,"tensor(7439807., device='cuda:0')",epoch,8,timestamp,1617363721.5199757
val,loss,"tensor(12486322., device='cuda:0')",epoch,8,timestamp,1617363721.5219703
val,loss,"tensor(19784810., device='cuda:0')",epoch,8,timestamp,1617363721.5249631
val,loss,"tensor(29827620., device='cuda:0')",epoch,8,timestamp,1617363721.5279536
val,loss,"tensor(43185692., device='cuda:0')",epoch,8,timestamp,1617363721.5309467
val,loss,"tensor(60442324., device='cuda:0')",epoch,8,timestamp,1617363721.5339384
val,loss,"tensor(82214080., device='cuda:0')",epoch,8,timestamp,1617363721.5359323
val,loss,"tensor(1.0921e+08, device='cuda:0')",epoch,8,timestamp,1617363721.5389252
val,loss,"tensor(3753920.7500, device='cuda:0')",epoch,9,timestamp,1617363721.547901
val,loss,"tensor(3311306.5000, device='cuda:0')",epoch,9,timestamp,1617363721.5508924
val,loss,"tensor(2729111.5000, device='cuda:0')",epoch,9,timestamp,1617363721.552887
val,loss,"tensor(2141791., device='cuda:0')",epoch,9,timestamp,1617363721.5558798
val,loss,"tensor(1728238.8750, device='cuda:0')",epoch,9,timestamp,1617363721.5588717
val,loss,"tensor(1715918.8750, device='cuda:0')",epoch,9,timestamp,1617363721.5618637
val,loss,"tensor(2377500., device='cuda:0')",epoch,9,timestamp,1617363721.5638576
val,loss,"tensor(4035650.5000, device='cuda:0')",epoch,9,timestamp,1617363721.5658526
val,loss,"tensor(7051255., device='cuda:0')",epoch,9,timestamp,1617363721.5688448
val,loss,"tensor(11842716., device='cuda:0')",epoch,9,timestamp,1617363721.570839
val,loss,"tensor(18861214., device='cuda:0')",epoch,9,timestamp,1617363721.5738313
val,loss,"tensor(28599390., device='cuda:0')",epoch,9,timestamp,1617363721.575826
val,loss,"tensor(41627944., device='cuda:0')",epoch,9,timestamp,1617363721.5788183
val,loss,"tensor(58530488., device='cuda:0')",epoch,9,timestamp,1617363721.5808127
val,loss,"tensor(79923936., device='cuda:0')",epoch,9,timestamp,1617363721.5838048
val,loss,"tensor(1.0652e+08, device='cuda:0')",epoch,9,timestamp,1617363721.5857997
start,start/step,0,timestamp,1617363818.6004236
val,loss,"tensor(3064.7942, device='cuda:0')",epoch,0,timestamp,1617363820.1372385
val,loss,"tensor(7218.8838, device='cuda:0')",epoch,0,timestamp,1617363820.1402304
val,loss,"tensor(6.1005e+08, device='cuda:0')",epoch,0,timestamp,1617363820.1432223
val,loss,"tensor(4.5808e+08, device='cuda:0')",epoch,0,timestamp,1617363820.1452172
val,loss,"tensor(3.6754e+08, device='cuda:0')",epoch,0,timestamp,1617363820.1482096
val,loss,"tensor(3.0816e+08, device='cuda:0')",epoch,0,timestamp,1617363820.150204
val,loss,"tensor(2.6714e+08, device='cuda:0')",epoch,0,timestamp,1617363820.152199
val,loss,"tensor(2.3827e+08, device='cuda:0')",epoch,0,timestamp,1617363820.1551902
val,loss,"tensor(2.1829e+08, device='cuda:0')",epoch,0,timestamp,1617363820.1571853
val,loss,"tensor(2.0543e+08, device='cuda:0')",epoch,0,timestamp,1617363820.160177
val,loss,"tensor(1.9875e+08, device='cuda:0')",epoch,0,timestamp,1617363820.163169
val,loss,"tensor(1.9783e+08, device='cuda:0')",epoch,0,timestamp,1617363820.1651638
val,loss,"tensor(2.0258e+08, device='cuda:0')",epoch,0,timestamp,1617363820.1671584
val,loss,"tensor(2.1315e+08, device='cuda:0')",epoch,0,timestamp,1617363820.1701496
val,loss,"tensor(2.2980e+08, device='cuda:0')",epoch,0,timestamp,1617363820.172145
val,loss,"tensor(2.5299e+08, device='cuda:0')",epoch,0,timestamp,1617363820.175137
val,loss,"tensor(10819.0400, device='cuda:0')",epoch,1,timestamp,1617363820.179126
val,loss,"tensor(16184.9102, device='cuda:0')",epoch,1,timestamp,1617363820.1821177
val,loss,"tensor(124733.7188, device='cuda:0')",epoch,1,timestamp,1617363820.1841133
val,loss,"tensor(466604.7188, device='cuda:0')",epoch,1,timestamp,1617363820.1871045
val,loss,"tensor(1222915.7500, device='cuda:0')",epoch,1,timestamp,1617363820.189099
val,loss,"tensor(2618097.5000, device='cuda:0')",epoch,1,timestamp,1617363820.192092
val,loss,"tensor(4922214.5000, device='cuda:0')",epoch,1,timestamp,1617363820.1950839
val,loss,"tensor(8458510., device='cuda:0')",epoch,1,timestamp,1617363820.1970785
val,loss,"tensor(13584084., device='cuda:0')",epoch,1,timestamp,1617363820.2000709
val,loss,"tensor(20718166., device='cuda:0')",epoch,1,timestamp,1617363820.2020655
val,loss,"tensor(30308920., device='cuda:0')",epoch,1,timestamp,1617363820.2040596
val,loss,"tensor(42846280., device='cuda:0')",epoch,1,timestamp,1617363820.2070515
val,loss,"tensor(58903180., device='cuda:0')",epoch,1,timestamp,1617363820.2090456
val,loss,"tensor(79060328., device='cuda:0')",epoch,1,timestamp,1617363820.2120385
val,loss,"tensor(1.0393e+08, device='cuda:0')",epoch,1,timestamp,1617363820.2140331
val,loss,"tensor(1.3423e+08, device='cuda:0')",epoch,1,timestamp,1617363820.2160268
val,loss,"tensor(124983.6797, device='cuda:0')",epoch,2,timestamp,1617363820.2200165
val,loss,"tensor(69903.3906, device='cuda:0')",epoch,2,timestamp,1617363820.223009
val,loss,"tensor(84817.2734, device='cuda:0')",epoch,2,timestamp,1617363820.2250037
val,loss,"tensor(300454.5625, device='cuda:0')",epoch,2,timestamp,1617363820.2289922
val,loss,"tensor(897629., device='cuda:0')",epoch,2,timestamp,1617363820.2319846
val,loss,"tensor(2101186., device='cuda:0')",epoch,2,timestamp,1617363820.2339792
val,loss,"tensor(4181546.5000, device='cuda:0')",epoch,2,timestamp,1617363820.2359743
val,loss,"tensor(7461875.5000, device='cuda:0')",epoch,2,timestamp,1617363820.2389662
val,loss,"tensor(12299788., device='cuda:0')",epoch,2,timestamp,1617363820.240976
val,loss,"tensor(19114406., device='cuda:0')",epoch,2,timestamp,1617363820.2439532
val,loss,"tensor(28354300., device='cuda:0')",epoch,2,timestamp,1617363820.2469542
val,loss,"tensor(40509772., device='cuda:0')",epoch,2,timestamp,1617363820.249937
val,loss,"tensor(56153456., device='cuda:0')",epoch,2,timestamp,1617363820.2519317
val,loss,"tensor(75866456., device='cuda:0')",epoch,2,timestamp,1617363820.2549238
val,loss,"tensor(1.0026e+08, device='cuda:0')",epoch,2,timestamp,1617363820.2569184
val,loss,"tensor(1.3005e+08, device='cuda:0')",epoch,2,timestamp,1617363820.2599106
val,loss,"tensor(355557.0625, device='cuda:0')",epoch,3,timestamp,1617363820.2648973
val,loss,"tensor(241696.3438, device='cuda:0')",epoch,3,timestamp,1617363820.266891
val,loss,"tensor(165687.9062, device='cuda:0')",epoch,3,timestamp,1617363820.2698839
val,loss,"tensor(258832.3750, device='cuda:0')",epoch,3,timestamp,1617363820.2718785
val,loss,"tensor(701649.2500, device='cuda:0')",epoch,3,timestamp,1617363820.273873
val,loss,"tensor(1719385.3750, device='cuda:0')",epoch,3,timestamp,1617363820.276865
val,loss,"tensor(3582805.7500, device='cuda:0')",epoch,3,timestamp,1617363820.2798564
val,loss,"tensor(6615000., device='cuda:0')",epoch,3,timestamp,1617363820.281852
val,loss,"tensor(11174085., device='cuda:0')",epoch,3,timestamp,1617363820.2848434
val,loss,"tensor(17679072., device='cuda:0')",epoch,3,timestamp,1617363820.2868383
val,loss,"tensor(26578930., device='cuda:0')",epoch,3,timestamp,1617363820.2888331
val,loss,"tensor(38364320., device='cuda:0')",epoch,3,timestamp,1617363820.2918248
val,loss,"tensor(53607584., device='cuda:0')",epoch,3,timestamp,1617363820.2948172
val,loss,"tensor(72890208., device='cuda:0')",epoch,3,timestamp,1617363820.297809
val,loss,"tensor(96826712., device='cuda:0')",epoch,3,timestamp,1617363820.299803
val,loss,"tensor(1.2613e+08, device='cuda:0')",epoch,3,timestamp,1617363820.3017983
val,loss,"tensor(691422.4375, device='cuda:0')",epoch,4,timestamp,1617363820.3057868
val,loss,"tensor(520409.3750, device='cuda:0')",epoch,4,timestamp,1617363820.3097768
val,loss,"tensor(356120.5625, device='cuda:0')",epoch,4,timestamp,1617363820.3127682
val,loss,"tensor(330410.0312, device='cuda:0')",epoch,4,timestamp,1617363820.3147635
val,loss,"tensor(623512.1250, device='cuda:0')",epoch,4,timestamp,1617363820.3167586
val,loss,"tensor(1461062.7500, device='cuda:0')",epoch,4,timestamp,1617363820.3197494
val,loss,"tensor(3114160.7500, device='cuda:0')",epoch,4,timestamp,1617363820.3217447
val,loss,"tensor(5905822., device='cuda:0')",epoch,4,timestamp,1617363820.3247366
val,loss,"tensor(10194649., device='cuda:0')",epoch,4,timestamp,1617363820.3277287
val,loss,"tensor(16399546., device='cuda:0')",epoch,4,timestamp,1617363820.3307211
val,loss,"tensor(24969868., device='cuda:0')",epoch,4,timestamp,1617363820.3327157
val,loss,"tensor(36396632., device='cuda:0')",epoch,4,timestamp,1617363820.3347106
val,loss,"tensor(51251876., device='cuda:0')",epoch,4,timestamp,1617363820.3377025
val,loss,"tensor(70117472., device='cuda:0')",epoch,4,timestamp,1617363820.339697
val,loss,"tensor(93608352., device='cuda:0')",epoch,4,timestamp,1617363820.342689
val,loss,"tensor(1.2243e+08, device='cuda:0')",epoch,4,timestamp,1617363820.345681
val,loss,"tensor(1094804.5000, device='cuda:0')",epoch,5,timestamp,1617363820.34967
val,loss,"tensor(1.1473e+08, device='cuda:0')",epoch,5,timestamp,1617363820.3516643
val,loss,"tensor(76546760., device='cuda:0')",epoch,5,timestamp,1617363820.3546567
val,loss,"tensor(57425452., device='cuda:0')",epoch,5,timestamp,1617363820.3566518
val,loss,"tensor(46171452., device='cuda:0')",epoch,5,timestamp,1617363820.3596437
val,loss,"tensor(39218948., device='cuda:0')",epoch,5,timestamp,1617363820.3626359
val,loss,"tensor(35214332., device='cuda:0')",epoch,5,timestamp,1617363820.3646305
val,loss,"tensor(33667980., device='cuda:0')",epoch,5,timestamp,1617363820.366625
val,loss,"tensor(34487644., device='cuda:0')",epoch,5,timestamp,1617363820.369617
val,loss,"tensor(37821252., device='cuda:0')",epoch,5,timestamp,1617363820.3726091
val,loss,"tensor(43946248., device='cuda:0')",epoch,5,timestamp,1617363820.3746037
val,loss,"tensor(53239128., device='cuda:0')",epoch,5,timestamp,1617363820.377596
val,loss,"tensor(66192068., device='cuda:0')",epoch,5,timestamp,1617363820.3795905
val,loss,"tensor(83330528., device='cuda:0')",epoch,5,timestamp,1617363820.3825822
val,loss,"tensor(1.0523e+08, device='cuda:0')",epoch,5,timestamp,1617363820.384577
val,loss,"tensor(1.3256e+08, device='cuda:0')",epoch,5,timestamp,1617363820.3875692
val,loss,"tensor(1742162., device='cuda:0')",epoch,6,timestamp,1617363820.3905606
val,loss,"tensor(1451808.5000, device='cuda:0')",epoch,6,timestamp,1617363820.3935533
val,loss,"tensor(1103567.2500, device='cuda:0')",epoch,6,timestamp,1617363820.3965442
val,loss,"tensor(830440.6250, device='cuda:0')",epoch,6,timestamp,1617363820.3985395
val,loss,"tensor(812071.3750, device='cuda:0')",epoch,6,timestamp,1617363820.4015388
val,loss,"tensor(1274902.5000, device='cuda:0')",epoch,6,timestamp,1617363820.4045238
val,loss,"tensor(2490726.5000, device='cuda:0')",epoch,6,timestamp,1617363820.4065182
val,loss,"tensor(4782405., device='cuda:0')",epoch,6,timestamp,1617363820.40951
val,loss,"tensor(8509549., device='cuda:0')",epoch,6,timestamp,1617363820.4125023
val,loss,"tensor(14090840., device='cuda:0')",epoch,6,timestamp,1617363820.4144971
val,loss,"tensor(21976442., device='cuda:0')",epoch,6,timestamp,1617363820.4174886
val,loss,"tensor(32658086., device='cuda:0')",epoch,6,timestamp,1617363820.4194837
val,loss,"tensor(46707220., device='cuda:0')",epoch,6,timestamp,1617363820.4214785
val,loss,"tensor(64706488., device='cuda:0')",epoch,6,timestamp,1617363820.4244704
val,loss,"tensor(87271696., device='cuda:0')",epoch,6,timestamp,1617363820.4274623
val,loss,"tensor(1.1511e+08, device='cuda:0')",epoch,6,timestamp,1617363820.4304538
val,loss,"tensor(2348245.2500, device='cuda:0')",epoch,7,timestamp,1617363820.434443
val,loss,"tensor(2005676., device='cuda:0')",epoch,7,timestamp,1617363820.4374356
val,loss,"tensor(1577110.7500, device='cuda:0')",epoch,7,timestamp,1617363820.4394305
val,loss,"tensor(1196051.7500, device='cuda:0')",epoch,7,timestamp,1617363820.4414248
val,loss,"tensor(1041884.1250, device='cuda:0')",epoch,7,timestamp,1617363820.4444172
val,loss,"tensor(1341402., device='cuda:0')",epoch,7,timestamp,1617363820.4474092
val,loss,"tensor(2366699.5000, device='cuda:0')",epoch,7,timestamp,1617363820.450401
val,loss,"tensor(4440571.5000, device='cuda:0')",epoch,7,timestamp,1617363820.4523957
val,loss,"tensor(7923067.5000, device='cuda:0')",epoch,7,timestamp,1617363820.4553876
val,loss,"tensor(13232775., device='cuda:0')",epoch,7,timestamp,1617363820.4573824
val,loss,"tensor(20820202., device='cuda:0')",epoch,7,timestamp,1617363820.4603746
val,loss,"tensor(31177398., device='cuda:0')",epoch,7,timestamp,1617363820.462369
val,loss,"tensor(44875552., device='cuda:0')",epoch,7,timestamp,1617363820.4653609
val,loss,"tensor(62497640., device='cuda:0')",epoch,7,timestamp,1617363820.4673557
val,loss,"tensor(84659856., device='cuda:0')",epoch,7,timestamp,1617363820.4693496
val,loss,"tensor(1.1207e+08, device='cuda:0')",epoch,7,timestamp,1617363820.471345
val,loss,"tensor(3021316.5000, device='cuda:0')",epoch,8,timestamp,1617363820.4753344
val,loss,"tensor(2628005.5000, device='cuda:0')",epoch,8,timestamp,1617363820.479326
val,loss,"tensor(2121477., device='cuda:0')",epoch,8,timestamp,1617363820.4813185
val,loss,"tensor(1635717., device='cuda:0')",epoch,8,timestamp,1617363820.4833128
val,loss,"tensor(1349861.3750, device='cuda:0')",epoch,8,timestamp,1617363820.4863045
val,loss,"tensor(1491044.5000, device='cuda:0')",epoch,8,timestamp,1617363820.4882998
val,loss,"tensor(2331652., device='cuda:0')",epoch,8,timestamp,1617363820.4912913
val,loss,"tensor(4194415., device='cuda:0')",epoch,8,timestamp,1617363820.4942837
val,loss,"tensor(7439807., device='cuda:0')",epoch,8,timestamp,1617363820.4962778
val,loss,"tensor(12486322., device='cuda:0')",epoch,8,timestamp,1617363820.4982731
val,loss,"tensor(19784810., device='cuda:0')",epoch,8,timestamp,1617363820.5012648
val,loss,"tensor(29827620., device='cuda:0')",epoch,8,timestamp,1617363820.5032597
val,loss,"tensor(43185692., device='cuda:0')",epoch,8,timestamp,1617363820.5052545
val,loss,"tensor(60442324., device='cuda:0')",epoch,8,timestamp,1617363820.5072489
val,loss,"tensor(82214080., device='cuda:0')",epoch,8,timestamp,1617363820.510241
val,loss,"tensor(1.0921e+08, device='cuda:0')",epoch,8,timestamp,1617363820.513233
val,loss,"tensor(3753920.7500, device='cuda:0')",epoch,9,timestamp,1617363820.5172224
val,loss,"tensor(3311306.5000, device='cuda:0')",epoch,9,timestamp,1617363820.5192173
val,loss,"tensor(2729111.5000, device='cuda:0')",epoch,9,timestamp,1617363820.522209
val,loss,"tensor(2141791., device='cuda:0')",epoch,9,timestamp,1617363820.5252082
val,loss,"tensor(1728238.8750, device='cuda:0')",epoch,9,timestamp,1617363820.5281937
val,loss,"tensor(1715918.8750, device='cuda:0')",epoch,9,timestamp,1617363820.5301878
val,loss,"tensor(2377500., device='cuda:0')",epoch,9,timestamp,1617363820.5331793
val,loss,"tensor(4035650.5000, device='cuda:0')",epoch,9,timestamp,1617363820.5351744
val,loss,"tensor(7051255., device='cuda:0')",epoch,9,timestamp,1617363820.5381665
val,loss,"tensor(11842716., device='cuda:0')",epoch,9,timestamp,1617363820.5401611
val,loss,"tensor(18861214., device='cuda:0')",epoch,9,timestamp,1617363820.543154
val,loss,"tensor(28599390., device='cuda:0')",epoch,9,timestamp,1617363820.546145
val,loss,"tensor(41627944., device='cuda:0')",epoch,9,timestamp,1617363820.5481396
val,loss,"tensor(58530488., device='cuda:0')",epoch,9,timestamp,1617363820.5501342
val,loss,"tensor(79923936., device='cuda:0')",epoch,9,timestamp,1617363820.5531254
val,loss,"tensor(1.0652e+08, device='cuda:0')",epoch,9,timestamp,1617363820.5551212
start,start/step,0,timestamp,1617367406.9204767
val,loss,"tensor(3064.7942, device='cuda:0')",epoch,0,timestamp,1617367408.56102
val,loss,"tensor(7218.8838, device='cuda:0')",epoch,0,timestamp,1617367408.5640104
val,loss,"tensor(6.1005e+08, device='cuda:0')",epoch,0,timestamp,1617367408.5670035
val,loss,"tensor(4.5808e+08, device='cuda:0')",epoch,0,timestamp,1617367408.569995
val,loss,"tensor(3.6754e+08, device='cuda:0')",epoch,0,timestamp,1617367408.5719903
val,loss,"tensor(3.0816e+08, device='cuda:0')",epoch,0,timestamp,1617367408.5739849
val,loss,"tensor(2.6714e+08, device='cuda:0')",epoch,0,timestamp,1617367408.5769763
val,loss,"tensor(2.3827e+08, device='cuda:0')",epoch,0,timestamp,1617367408.5809662
val,loss,"tensor(2.1829e+08, device='cuda:0')",epoch,0,timestamp,1617367408.5839577
val,loss,"tensor(2.0543e+08, device='cuda:0')",epoch,0,timestamp,1617367408.5869496
val,loss,"tensor(1.9875e+08, device='cuda:0')",epoch,0,timestamp,1617367408.588945
val,loss,"tensor(1.9783e+08, device='cuda:0')",epoch,0,timestamp,1617367408.5919363
val,loss,"tensor(2.0258e+08, device='cuda:0')",epoch,0,timestamp,1617367408.593931
val,loss,"tensor(2.1315e+08, device='cuda:0')",epoch,0,timestamp,1617367408.5969234
val,loss,"tensor(2.2980e+08, device='cuda:0')",epoch,0,timestamp,1617367408.5999155
val,loss,"tensor(2.5299e+08, device='cuda:0')",epoch,0,timestamp,1617367408.60191
val,loss,"tensor(10819.0400, device='cuda:0')",epoch,1,timestamp,1617367408.6058996
val,loss,"tensor(16184.9102, device='cuda:0')",epoch,1,timestamp,1617367408.6088915
val,loss,"tensor(124733.7188, device='cuda:0')",epoch,1,timestamp,1617367408.611883
val,loss,"tensor(466604.7188, device='cuda:0')",epoch,1,timestamp,1617367408.614875
val,loss,"tensor(1222915.7500, device='cuda:0')",epoch,1,timestamp,1617367408.6178675
val,loss,"tensor(2618097.5000, device='cuda:0')",epoch,1,timestamp,1617367408.619862
val,loss,"tensor(4922214.5000, device='cuda:0')",epoch,1,timestamp,1617367408.622854
val,loss,"tensor(8458510., device='cuda:0')",epoch,1,timestamp,1617367408.6258464
val,loss,"tensor(13584084., device='cuda:0')",epoch,1,timestamp,1617367408.628839
val,loss,"tensor(20718166., device='cuda:0')",epoch,1,timestamp,1617367408.6308331
val,loss,"tensor(30308920., device='cuda:0')",epoch,1,timestamp,1617367408.6338246
val,loss,"tensor(42846280., device='cuda:0')",epoch,1,timestamp,1617367408.635521
val,loss,"tensor(58903180., device='cuda:0')",epoch,1,timestamp,1617367408.6385033
val,loss,"tensor(79060328., device='cuda:0')",epoch,1,timestamp,1617367408.6404974
val,loss,"tensor(1.0393e+08, device='cuda:0')",epoch,1,timestamp,1617367408.6434898
val,loss,"tensor(1.3423e+08, device='cuda:0')",epoch,1,timestamp,1617367408.6454852
val,loss,"tensor(124983.6797, device='cuda:0')",epoch,2,timestamp,1617367408.6504717
val,loss,"tensor(69903.3906, device='cuda:0')",epoch,2,timestamp,1617367408.652466
val,loss,"tensor(84817.2734, device='cuda:0')",epoch,2,timestamp,1617367408.6554582
val,loss,"tensor(300454.5625, device='cuda:0')",epoch,2,timestamp,1617367408.6584501
val,loss,"tensor(897629., device='cuda:0')",epoch,2,timestamp,1617367408.6614423
val,loss,"tensor(2101186., device='cuda:0')",epoch,2,timestamp,1617367408.663437
val,loss,"tensor(4181546.5000, device='cuda:0')",epoch,2,timestamp,1617367408.666429
val,loss,"tensor(7461875.5000, device='cuda:0')",epoch,2,timestamp,1617367408.6684234
val,loss,"tensor(12299788., device='cuda:0')",epoch,2,timestamp,1617367408.6714153
val,loss,"tensor(19114406., device='cuda:0')",epoch,2,timestamp,1617367408.6734104
val,loss,"tensor(28354300., device='cuda:0')",epoch,2,timestamp,1617367408.6764023
val,loss,"tensor(40509772., device='cuda:0')",epoch,2,timestamp,1617367408.6803913
val,loss,"tensor(56153456., device='cuda:0')",epoch,2,timestamp,1617367408.6833832
val,loss,"tensor(75866456., device='cuda:0')",epoch,2,timestamp,1617367408.685378
val,loss,"tensor(1.0026e+08, device='cuda:0')",epoch,2,timestamp,1617367408.6883698
val,loss,"tensor(1.3005e+08, device='cuda:0')",epoch,2,timestamp,1617367408.6903648
val,loss,"tensor(355557.0625, device='cuda:0')",epoch,3,timestamp,1617367408.6943548
val,loss,"tensor(241696.3438, device='cuda:0')",epoch,3,timestamp,1617367408.6973462
val,loss,"tensor(165687.9062, device='cuda:0')",epoch,3,timestamp,1617367408.7003376
val,loss,"tensor(258832.3750, device='cuda:0')",epoch,3,timestamp,1617367408.702333
val,loss,"tensor(701649.2500, device='cuda:0')",epoch,3,timestamp,1617367408.7053242
val,loss,"tensor(1719385.3750, device='cuda:0')",epoch,3,timestamp,1617367408.7083163
val,loss,"tensor(3582805.7500, device='cuda:0')",epoch,3,timestamp,1617367408.7103117
val,loss,"tensor(6615000., device='cuda:0')",epoch,3,timestamp,1617367408.7133036
val,loss,"tensor(11174085., device='cuda:0')",epoch,3,timestamp,1617367408.716295
val,loss,"tensor(17679072., device='cuda:0')",epoch,3,timestamp,1617367408.7192872
val,loss,"tensor(26578930., device='cuda:0')",epoch,3,timestamp,1617367408.7212822
val,loss,"tensor(38364320., device='cuda:0')",epoch,3,timestamp,1617367408.723277
val,loss,"tensor(53607584., device='cuda:0')",epoch,3,timestamp,1617367408.7262688
val,loss,"tensor(72890208., device='cuda:0')",epoch,3,timestamp,1617367408.7292607
val,loss,"tensor(96826712., device='cuda:0')",epoch,3,timestamp,1617367408.7312555
val,loss,"tensor(1.2613e+08, device='cuda:0')",epoch,3,timestamp,1617367408.7342474
val,loss,"tensor(691422.4375, device='cuda:0')",epoch,4,timestamp,1617367408.738237
val,loss,"tensor(520409.3750, device='cuda:0')",epoch,4,timestamp,1617367408.7412288
val,loss,"tensor(356120.5625, device='cuda:0')",epoch,4,timestamp,1617367408.7442205
val,loss,"tensor(330410.0312, device='cuda:0')",epoch,4,timestamp,1617367408.7472136
val,loss,"tensor(623512.1250, device='cuda:0')",epoch,4,timestamp,1617367408.7502043
val,loss,"tensor(1461062.7500, device='cuda:0')",epoch,4,timestamp,1617367408.753196
val,loss,"tensor(3114160.7500, device='cuda:0')",epoch,4,timestamp,1617367408.7561882
val,loss,"tensor(5905822., device='cuda:0')",epoch,4,timestamp,1617367408.758183
val,loss,"tensor(10194649., device='cuda:0')",epoch,4,timestamp,1617367408.7611752
val,loss,"tensor(16399546., device='cuda:0')",epoch,4,timestamp,1617367408.7631702
val,loss,"tensor(24969868., device='cuda:0')",epoch,4,timestamp,1617367408.7661622
val,loss,"tensor(36396632., device='cuda:0')",epoch,4,timestamp,1617367408.7691536
val,loss,"tensor(51251876., device='cuda:0')",epoch,4,timestamp,1617367408.7711487
val,loss,"tensor(70117472., device='cuda:0')",epoch,4,timestamp,1617367408.7731435
val,loss,"tensor(93608352., device='cuda:0')",epoch,4,timestamp,1617367408.7761354
val,loss,"tensor(1.2243e+08, device='cuda:0')",epoch,4,timestamp,1617367408.779127
val,loss,"tensor(1094804.5000, device='cuda:0')",epoch,5,timestamp,1617367408.7831173
val,loss,"tensor(1.1473e+08, device='cuda:0')",epoch,5,timestamp,1617367408.786109
val,loss,"tensor(76546760., device='cuda:0')",epoch,5,timestamp,1617367408.789101
val,loss,"tensor(57425452., device='cuda:0')",epoch,5,timestamp,1617367408.7910955
val,loss,"tensor(46171452., device='cuda:0')",epoch,5,timestamp,1617367408.7940872
val,loss,"tensor(39218948., device='cuda:0')",epoch,5,timestamp,1617367408.7970788
val,loss,"tensor(35214332., device='cuda:0')",epoch,5,timestamp,1617367408.7990744
val,loss,"tensor(33667980., device='cuda:0')",epoch,5,timestamp,1617367408.802066
val,loss,"tensor(34487644., device='cuda:0')",epoch,5,timestamp,1617367408.8040607
val,loss,"tensor(37821252., device='cuda:0')",epoch,5,timestamp,1617367408.8070529
val,loss,"tensor(43946248., device='cuda:0')",epoch,5,timestamp,1617367408.8090475
val,loss,"tensor(53239128., device='cuda:0')",epoch,5,timestamp,1617367408.81204
val,loss,"tensor(66192068., device='cuda:0')",epoch,5,timestamp,1617367408.8160286
val,loss,"tensor(83330528., device='cuda:0')",epoch,5,timestamp,1617367408.8180234
val,loss,"tensor(1.0523e+08, device='cuda:0')",epoch,5,timestamp,1617367408.821015
val,loss,"tensor(1.3256e+08, device='cuda:0')",epoch,5,timestamp,1617367408.8230102
val,loss,"tensor(1742162., device='cuda:0')",epoch,6,timestamp,1617367408.826999
val,loss,"tensor(1451808.5000, device='cuda:0')",epoch,6,timestamp,1617367408.8299913
val,loss,"tensor(1103567.2500, device='cuda:0')",epoch,6,timestamp,1617367408.832983
val,loss,"tensor(830440.6250, device='cuda:0')",epoch,6,timestamp,1617367408.8349783
val,loss,"tensor(812071.3750, device='cuda:0')",epoch,6,timestamp,1617367408.8379698
val,loss,"tensor(1274902.5000, device='cuda:0')",epoch,6,timestamp,1617367408.8399649
val,loss,"tensor(2490726.5000, device='cuda:0')",epoch,6,timestamp,1617367408.8439536
val,loss,"tensor(4782405., device='cuda:0')",epoch,6,timestamp,1617367408.8469455
val,loss,"tensor(8509549., device='cuda:0')",epoch,6,timestamp,1617367408.8499377
val,loss,"tensor(14090840., device='cuda:0')",epoch,6,timestamp,1617367408.851933
val,loss,"tensor(21976442., device='cuda:0')",epoch,6,timestamp,1617367408.8569193
val,loss,"tensor(32658086., device='cuda:0')",epoch,6,timestamp,1617367408.8619072
val,loss,"tensor(46707220., device='cuda:0')",epoch,6,timestamp,1617367408.8648982
val,loss,"tensor(64706488., device='cuda:0')",epoch,6,timestamp,1617367408.868888
val,loss,"tensor(87271696., device='cuda:0')",epoch,6,timestamp,1617367408.8728774
val,loss,"tensor(1.1511e+08, device='cuda:0')",epoch,6,timestamp,1617367408.8748708
val,loss,"tensor(2348245.2500, device='cuda:0')",epoch,7,timestamp,1617367408.8798573
val,loss,"tensor(2005676., device='cuda:0')",epoch,7,timestamp,1617367408.8828495
val,loss,"tensor(1577110.7500, device='cuda:0')",epoch,7,timestamp,1617367408.884844
val,loss,"tensor(1196051.7500, device='cuda:0')",epoch,7,timestamp,1617367408.8878365
val,loss,"tensor(1041884.1250, device='cuda:0')",epoch,7,timestamp,1617367408.8898315
val,loss,"tensor(1341402., device='cuda:0')",epoch,7,timestamp,1617367408.8928235
val,loss,"tensor(2366699.5000, device='cuda:0')",epoch,7,timestamp,1617367408.8948183
val,loss,"tensor(4440571.5000, device='cuda:0')",epoch,7,timestamp,1617367408.89781
val,loss,"tensor(7923067.5000, device='cuda:0')",epoch,7,timestamp,1617367408.899805
val,loss,"tensor(13232775., device='cuda:0')",epoch,7,timestamp,1617367408.9027963
val,loss,"tensor(20820202., device='cuda:0')",epoch,7,timestamp,1617367408.905789
val,loss,"tensor(31177398., device='cuda:0')",epoch,7,timestamp,1617367408.9077835
val,loss,"tensor(44875552., device='cuda:0')",epoch,7,timestamp,1617367408.910776
val,loss,"tensor(62497640., device='cuda:0')",epoch,7,timestamp,1617367408.9137676
val,loss,"tensor(84659856., device='cuda:0')",epoch,7,timestamp,1617367408.9167588
val,loss,"tensor(1.1207e+08, device='cuda:0')",epoch,7,timestamp,1617367408.9187543
val,loss,"tensor(3021316.5000, device='cuda:0')",epoch,8,timestamp,1617367408.9227436
val,loss,"tensor(2628005.5000, device='cuda:0')",epoch,8,timestamp,1617367408.9257355
val,loss,"tensor(2121477., device='cuda:0')",epoch,8,timestamp,1617367408.9287276
val,loss,"tensor(1635717., device='cuda:0')",epoch,8,timestamp,1617367408.9317198
val,loss,"tensor(1349861.3750, device='cuda:0')",epoch,8,timestamp,1617367408.9337142
val,loss,"tensor(1491044.5000, device='cuda:0')",epoch,8,timestamp,1617367408.936706
val,loss,"tensor(2331652., device='cuda:0')",epoch,8,timestamp,1617367408.938701
val,loss,"tensor(4194415., device='cuda:0')",epoch,8,timestamp,1617367408.9416926
val,loss,"tensor(7439807., device='cuda:0')",epoch,8,timestamp,1617367408.943688
val,loss,"tensor(12486322., device='cuda:0')",epoch,8,timestamp,1617367408.9466796
val,loss,"tensor(19784810., device='cuda:0')",epoch,8,timestamp,1617367408.949671
val,loss,"tensor(29827620., device='cuda:0')",epoch,8,timestamp,1617367408.951666
val,loss,"tensor(43185692., device='cuda:0')",epoch,8,timestamp,1617367408.9546576
val,loss,"tensor(60442324., device='cuda:0')",epoch,8,timestamp,1617367408.9566529
val,loss,"tensor(82214080., device='cuda:0')",epoch,8,timestamp,1617367408.9596446
val,loss,"tensor(1.0921e+08, device='cuda:0')",epoch,8,timestamp,1617367408.962637
val,loss,"tensor(3753920.7500, device='cuda:0')",epoch,9,timestamp,1617367408.966626
val,loss,"tensor(3311306.5000, device='cuda:0')",epoch,9,timestamp,1617367408.9696176
val,loss,"tensor(2729111.5000, device='cuda:0')",epoch,9,timestamp,1617367408.971613
val,loss,"tensor(2141791., device='cuda:0')",epoch,9,timestamp,1617367408.9746044
val,loss,"tensor(1728238.8750, device='cuda:0')",epoch,9,timestamp,1617367408.9765997
val,loss,"tensor(1715918.8750, device='cuda:0')",epoch,9,timestamp,1617367408.9795914
val,loss,"tensor(2377500., device='cuda:0')",epoch,9,timestamp,1617367408.9825833
val,loss,"tensor(4035650.5000, device='cuda:0')",epoch,9,timestamp,1617367408.9845784
val,loss,"tensor(7051255., device='cuda:0')",epoch,9,timestamp,1617367408.9865727
val,loss,"tensor(11842716., device='cuda:0')",epoch,9,timestamp,1617367408.9895647
val,loss,"tensor(18861214., device='cuda:0')",epoch,9,timestamp,1617367408.9925568
val,loss,"tensor(28599390., device='cuda:0')",epoch,9,timestamp,1617367408.995549
val,loss,"tensor(41627944., device='cuda:0')",epoch,9,timestamp,1617367408.9985409
val,loss,"tensor(58530488., device='cuda:0')",epoch,9,timestamp,1617367409.0005345
val,loss,"tensor(79923936., device='cuda:0')",epoch,9,timestamp,1617367409.00253
val,loss,"tensor(1.0652e+08, device='cuda:0')",epoch,9,timestamp,1617367409.0055213
start,start/step,0,timestamp,1617367534.3913915
val,loss,"tensor(3044.7351, device='cuda:0')",epoch,0,timestamp,1617367535.932775
val,loss,"tensor(10400.6611, device='cuda:0')",epoch,0,timestamp,1617367535.9357674
val,loss,"tensor(8.0240e+08, device='cuda:0')",epoch,0,timestamp,1617367535.938759
val,loss,"tensor(6.0236e+08, device='cuda:0')",epoch,0,timestamp,1617367535.9407537
val,loss,"tensor(4.8298e+08, device='cuda:0')",epoch,0,timestamp,1617367535.9437456
val,loss,"tensor(4.0437e+08, device='cuda:0')",epoch,0,timestamp,1617367535.946737
val,loss,"tensor(3.4963e+08, device='cuda:0')",epoch,0,timestamp,1617367535.9497297
val,loss,"tensor(3.1047e+08, device='cuda:0')",epoch,0,timestamp,1617367535.9527216
val,loss,"tensor(2.8249e+08, device='cuda:0')",epoch,0,timestamp,1617367535.9557133
val,loss,"tensor(2.6322e+08, device='cuda:0')",epoch,0,timestamp,1617367535.9577084
val,loss,"tensor(2.5131e+08, device='cuda:0')",epoch,0,timestamp,1617367535.959703
val,loss,"tensor(2.4603e+08, device='cuda:0')",epoch,0,timestamp,1617367535.9636922
val,loss,"tensor(2.4711e+08, device='cuda:0')",epoch,0,timestamp,1617367535.965687
val,loss,"tensor(2.5452e+08, device='cuda:0')",epoch,0,timestamp,1617367535.968679
val,loss,"tensor(2.6849e+08, device='cuda:0')",epoch,0,timestamp,1617367535.9706736
val,loss,"tensor(2.8932e+08, device='cuda:0')",epoch,0,timestamp,1617367535.9736655
val,loss,"tensor(8079.5625, device='cuda:0')",epoch,1,timestamp,1617367535.977656
val,loss,"tensor(16974.7383, device='cuda:0')",epoch,1,timestamp,1617367535.9806464
val,loss,"tensor(130213.2969, device='cuda:0')",epoch,1,timestamp,1617367535.9836392
val,loss,"tensor(480910.0938, device='cuda:0')",epoch,1,timestamp,1617367535.9866316
val,loss,"tensor(1245845., device='cuda:0')",epoch,1,timestamp,1617367535.988625
val,loss,"tensor(2651658., device='cuda:0')",epoch,1,timestamp,1617367535.991617
val,loss,"tensor(4966695., device='cuda:0')",epoch,1,timestamp,1617367535.9946094
val,loss,"tensor(8515448., device='cuda:0')",epoch,1,timestamp,1617367535.9976027
val,loss,"tensor(13656672., device='cuda:0')",epoch,1,timestamp,1617367536.0005946
val,loss,"tensor(20800496., device='cuda:0')",epoch,1,timestamp,1617367536.0025892
val,loss,"tensor(30395126., device='cuda:0')",epoch,1,timestamp,1617367536.0055814
val,loss,"tensor(42958096., device='cuda:0')",epoch,1,timestamp,1617367536.0075753
val,loss,"tensor(59035188., device='cuda:0')",epoch,1,timestamp,1617367536.0105677
val,loss,"tensor(79203424., device='cuda:0')",epoch,1,timestamp,1617367536.013559
val,loss,"tensor(1.0414e+08, device='cuda:0')",epoch,1,timestamp,1617367536.016552
val,loss,"tensor(1.3447e+08, device='cuda:0')",epoch,1,timestamp,1617367536.0195434
val,loss,"tensor(115321.6406, device='cuda:0')",epoch,2,timestamp,1617367536.0235314
val,loss,"tensor(63562.9102, device='cuda:0')",epoch,2,timestamp,1617367536.026525
val,loss,"tensor(83299.4297, device='cuda:0')",epoch,2,timestamp,1617367536.0295165
val,loss,"tensor(307201.0625, device='cuda:0')",epoch,2,timestamp,1617367536.0325084
val,loss,"tensor(912777.8125, device='cuda:0')",epoch,2,timestamp,1617367536.0354998
val,loss,"tensor(2126674.5000, device='cuda:0')",epoch,2,timestamp,1617367536.0374951
val,loss,"tensor(4217677., device='cuda:0')",epoch,2,timestamp,1617367536.0404863
val,loss,"tensor(7510127., device='cuda:0')",epoch,2,timestamp,1617367536.042482
val,loss,"tensor(12363207., device='cuda:0')",epoch,2,timestamp,1617367536.0464704
val,loss,"tensor(19187216., device='cuda:0')",epoch,2,timestamp,1617367536.0484657
val,loss,"tensor(28430706., device='cuda:0')",epoch,2,timestamp,1617367536.051458
val,loss,"tensor(40611024., device='cuda:0')",epoch,2,timestamp,1617367536.0544496
val,loss,"tensor(56274204., device='cuda:0')",epoch,2,timestamp,1617367536.0564444
val,loss,"tensor(75997664., device='cuda:0')",epoch,2,timestamp,1617367536.0594363
val,loss,"tensor(1.0045e+08, device='cuda:0')",epoch,2,timestamp,1617367536.0634253
val,loss,"tensor(1.3028e+08, device='cuda:0')",epoch,2,timestamp,1617367536.0654209
val,loss,"tensor(339628.5000, device='cuda:0')",epoch,3,timestamp,1617367536.0704064
val,loss,"tensor(228887.3125, device='cuda:0')",epoch,3,timestamp,1617367536.0734003
val,loss,"tensor(157829.3750, device='cuda:0')",epoch,3,timestamp,1617367536.0753937
val,loss,"tensor(258693.5625, device='cuda:0')",epoch,3,timestamp,1617367536.079383
val,loss,"tensor(709697.3125, device='cuda:0')",epoch,3,timestamp,1617367536.0823743
val,loss,"tensor(1737489.3750, device='cuda:0')",epoch,3,timestamp,1617367536.0843697
val,loss,"tensor(3611281.2500, device='cuda:0')",epoch,3,timestamp,1617367536.0863645
val,loss,"tensor(6655271.5000, device='cuda:0')",epoch,3,timestamp,1617367536.0893562
val,loss,"tensor(11229056., device='cuda:0')",epoch,3,timestamp,1617367536.0923479
val,loss,"tensor(17743098., device='cuda:0')",epoch,3,timestamp,1617367536.0953407
val,loss,"tensor(26646282., device='cuda:0')",epoch,3,timestamp,1617367536.097335
val,loss,"tensor(38455776., device='cuda:0')",epoch,3,timestamp,1617367536.100327
val,loss,"tensor(53717860., device='cuda:0')",epoch,3,timestamp,1617367536.1023216
val,loss,"tensor(73010336., device='cuda:0')",epoch,3,timestamp,1617367536.105313
val,loss,"tensor(97006528., device='cuda:0')",epoch,3,timestamp,1617367536.1073077
val,loss,"tensor(1.2634e+08, device='cuda:0')",epoch,3,timestamp,1617367536.1103008
val,loss,"tensor(669835.4375, device='cuda:0')",epoch,4,timestamp,1617367536.1152866
val,loss,"tensor(501745.4688, device='cuda:0')",epoch,4,timestamp,1617367536.1172817
val,loss,"tensor(342530.2188, device='cuda:0')",epoch,4,timestamp,1617367536.1202738
val,loss,"tensor(324011.1875, device='cuda:0')",epoch,4,timestamp,1617367536.1242638
val,loss,"tensor(625090.6250, device='cuda:0')",epoch,4,timestamp,1617367536.1272547
val,loss,"tensor(1472421.3750, device='cuda:0')",epoch,4,timestamp,1617367536.1302464
val,loss,"tensor(3135627.7500, device='cuda:0')",epoch,4,timestamp,1617367536.133239
val,loss,"tensor(5938768., device='cuda:0')",epoch,4,timestamp,1617367536.1352339
val,loss,"tensor(10241842., device='cuda:0')",epoch,4,timestamp,1617367536.138225
val,loss,"tensor(16455466., device='cuda:0')",epoch,4,timestamp,1617367536.1412175
val,loss,"tensor(25028854., device='cuda:0')",epoch,4,timestamp,1617367536.1442094
val,loss,"tensor(36478992., device='cuda:0')",epoch,4,timestamp,1617367536.1472013
val,loss,"tensor(51352400., device='cuda:0')",epoch,4,timestamp,1617367536.1491964
val,loss,"tensor(70227264., device='cuda:0')",epoch,4,timestamp,1617367536.1521878
val,loss,"tensor(93776624., device='cuda:0')",epoch,4,timestamp,1617367536.1541824
val,loss,"tensor(1.2264e+08, device='cuda:0')",epoch,4,timestamp,1617367536.1571743
val,loss,"tensor(1095593.6250, device='cuda:0')",epoch,5,timestamp,1617367536.162161
val,loss,"tensor(871751., device='cuda:0')",epoch,5,timestamp,1617367536.1651537
val,loss,"tensor(626946.4375, device='cuda:0')",epoch,5,timestamp,1617367536.1671484
val,loss,"tensor(492597.0625, device='cuda:0')",epoch,5,timestamp,1617367536.1701405
val,loss,"tensor(648268.5625, device='cuda:0')",epoch,5,timestamp,1617367536.1731317
val,loss,"tensor(1320617.7500, device='cuda:0')",epoch,5,timestamp,1617367536.175127
val,loss,"tensor(2779668., device='cuda:0')",epoch,5,timestamp,1617367536.1781194
val,loss,"tensor(5349344., device='cuda:0')",epoch,5,timestamp,1617367536.1811109
val,loss,"tensor(9390031., device='cuda:0')",epoch,5,timestamp,1617367536.1841033
val,loss,"tensor(15312503., device='cuda:0')",epoch,5,timestamp,1617367536.1860976
val,loss,"tensor(23566282., device='cuda:0')",epoch,5,timestamp,1617367536.1890895
val,loss,"tensor(34668188., device='cuda:0')",epoch,5,timestamp,1617367536.1910844
val,loss,"tensor(49164968., device='cuda:0')",epoch,5,timestamp,1617367536.194076
val,loss,"tensor(67635176., device='cuda:0')",epoch,5,timestamp,1617367536.1970682
val,loss,"tensor(90751592., device='cuda:0')",epoch,5,timestamp,1617367536.2000604
val,loss,"tensor(1.1915e+08, device='cuda:0')",epoch,5,timestamp,1617367536.202055
val,loss,"tensor(1607315.2500, device='cuda:0')",epoch,6,timestamp,1617367536.2070413
val,loss,"tensor(1329279., device='cuda:0')",epoch,6,timestamp,1617367536.2090364
val,loss,"tensor(1001385.1875, device='cuda:0')",epoch,6,timestamp,1617367536.2120283
val,loss,"tensor(754659.5000, device='cuda:0')",epoch,6,timestamp,1617367536.216018
val,loss,"tensor(769310., device='cuda:0')",epoch,6,timestamp,1617367536.2190092
val,loss,"tensor(1271997.3750, device='cuda:0')",epoch,6,timestamp,1617367536.2210042
val,loss,"tensor(2533132., device='cuda:0')",epoch,6,timestamp,1617367536.2239964
val,loss,"tensor(4876507., device='cuda:0')",epoch,6,timestamp,1617367536.2269888
val,loss,"tensor(8662885., device='cuda:0')",epoch,6,timestamp,1617367536.2309783
val,loss,"tensor(14303187., device='cuda:0')",epoch,6,timestamp,1617367536.2339692
val,loss,"tensor(22247238., device='cuda:0')",epoch,6,timestamp,1617367536.2359648
val,loss,"tensor(33011696., device='cuda:0')",epoch,6,timestamp,1617367536.2379584
val,loss,"tensor(47143536., device='cuda:0')",epoch,6,timestamp,1617367536.2409508
val,loss,"tensor(65221648., device='cuda:0')",epoch,6,timestamp,1617367536.2439432
val,loss,"tensor(87918576., device='cuda:0')",epoch,6,timestamp,1617367536.2469354
val,loss,"tensor(1.1587e+08, device='cuda:0')",epoch,6,timestamp,1617367536.2489297
val,loss,"tensor(2196124., device='cuda:0')",epoch,7,timestamp,1617367536.2539158
val,loss,"tensor(1865416.2500, device='cuda:0')",epoch,7,timestamp,1617367536.2569077
val,loss,"tensor(1456866.7500, device='cuda:0')",epoch,7,timestamp,1617367536.2599013
val,loss,"tensor(1101121.8750, device='cuda:0')",epoch,7,timestamp,1617367536.2638893
val,loss,"tensor(979012.1250, device='cuda:0')",epoch,7,timestamp,1617367536.265884
val,loss,"tensor(1317201.6250, device='cuda:0')",epoch,7,timestamp,1617367536.2688763
val,loss,"tensor(2386475.7500, device='cuda:0')",epoch,7,timestamp,1617367536.270871
val,loss,"tensor(4510501., device='cuda:0')",epoch,7,timestamp,1617367536.2738633
val,loss,"tensor(8050403.5000, device='cuda:0')",epoch,7,timestamp,1617367536.2768548
val,loss,"tensor(13417248., device='cuda:0')",epoch,7,timestamp,1617367536.2808442
val,loss,"tensor(21061156., device='cuda:0')",epoch,7,timestamp,1617367536.282839
val,loss,"tensor(31498624., device='cuda:0')",epoch,7,timestamp,1617367536.2858303
val,loss,"tensor(45276840., device='cuda:0')",epoch,7,timestamp,1617367536.2878256
val,loss,"tensor(62975044., device='cuda:0')",epoch,7,timestamp,1617367536.2908177
val,loss,"tensor(85265544., device='cuda:0')",epoch,7,timestamp,1617367536.2938097
val,loss,"tensor(1.1279e+08, device='cuda:0')",epoch,7,timestamp,1617367536.2968018
val,loss,"tensor(2853803.7500, device='cuda:0')",epoch,8,timestamp,1617367536.300791
val,loss,"tensor(2471910.2500, device='cuda:0')",epoch,8,timestamp,1617367536.3037827
val,loss,"tensor(1985073.5000, device='cuda:0')",epoch,8,timestamp,1617367536.306775
val,loss,"tensor(1523572.6250, device='cuda:0')",epoch,8,timestamp,1617367536.309767
val,loss,"tensor(1268840.6250, device='cuda:0')",epoch,8,timestamp,1617367536.313756
val,loss,"tensor(1447545.3750, device='cuda:0')",epoch,8,timestamp,1617367536.3157508
val,loss,"tensor(2330835., device='cuda:0')",epoch,8,timestamp,1617367536.3187425
val,loss,"tensor(4242253., device='cuda:0')",epoch,8,timestamp,1617367536.3217344
val,loss,"tensor(7543279., device='cuda:0')",epoch,8,timestamp,1617367536.3237298
val,loss,"tensor(12645117., device='cuda:0')",epoch,8,timestamp,1617367536.326735
val,loss,"tensor(19998170., device='cuda:0')",epoch,8,timestamp,1617367536.3297138
val,loss,"tensor(30118784., device='cuda:0')",epoch,8,timestamp,1617367536.332705
val,loss,"tensor(43554356., device='cuda:0')",epoch,8,timestamp,1617367536.335697
val,loss,"tensor(60884456., device='cuda:0')",epoch,8,timestamp,1617367536.3386896
val,loss,"tensor(82781152., device='cuda:0')",epoch,8,timestamp,1617367536.3416815
val,loss,"tensor(1.0988e+08, device='cuda:0')",epoch,8,timestamp,1617367536.3436766
val,loss,"tensor(3572758.5000, device='cuda:0')",epoch,9,timestamp,1617367536.3486636
val,loss,"tensor(3141129., device='cuda:0')",epoch,9,timestamp,1617367536.3516622
val,loss,"tensor(2578309.7500, device='cuda:0')",epoch,9,timestamp,1617367536.3540137
val,loss,"tensor(2014223.6250, device='cuda:0')",epoch,9,timestamp,1617367536.3569827
val,loss,"tensor(1630887.6250, device='cuda:0')",epoch,9,timestamp,1617367536.359975
val,loss,"tensor(1654972.8750, device='cuda:0')",epoch,9,timestamp,1617367536.363965
val,loss,"tensor(2357979., device='cuda:0')",epoch,9,timestamp,1617367536.3659592
val,loss,"tensor(4063331., device='cuda:0')",epoch,9,timestamp,1617367536.3689513
val,loss,"tensor(7132850., device='cuda:0')",epoch,9,timestamp,1617367536.3719432
val,loss,"tensor(11977874., device='cuda:0')",epoch,9,timestamp,1617367536.3739378
val,loss,"tensor(19049082., device='cuda:0')",epoch,9,timestamp,1617367536.375933
val,loss,"tensor(28862676., device='cuda:0')",epoch,9,timestamp,1617367536.379922
val,loss,"tensor(41966240., device='cuda:0')",epoch,9,timestamp,1617367536.3819165
val,loss,"tensor(58939680., device='cuda:0')",epoch,9,timestamp,1617367536.3849084
val,loss,"tensor(80454832., device='cuda:0')",epoch,9,timestamp,1617367536.3898952
val,loss,"tensor(1.0715e+08, device='cuda:0')",epoch,9,timestamp,1617367536.3928869
